ID,Work Item Type,Title,Assigned To,State,Area Path,Tags,Comment Count,Category
"201","Task","Parent 81 - Approval","Alan Aristides Rotta <alan.aristides.rotta@avanade.com>","To Do","imfai-ava-fabric-apps-agents",,"0","Migration Design"
"200","Task","Parent 81 - Revision","Alan Aristides Rotta <alan.aristides.rotta@avanade.com>","To Do","imfai-ava-fabric-apps-agents",,"0","Migration Design"
"199","Task","Parent 81 - Implementation","Alan Aristides Rotta <alan.aristides.rotta@avanade.com>","To Do","imfai-ava-fabric-apps-agents",,"0","Migration Design"
"198","Task","Parent 81 - Planning","Alan Aristides Rotta <alan.aristides.rotta@avanade.com>","To Do","imfai-ava-fabric-apps-agents",,"0","Migration Design"
"197","Task","Parent 53 - Revision","Rafael Dos Santos De Almeida <r.b.almeida@avanade.com>","To Do","imfai-ava-fabric-apps-agents",,"0","Platform & Tooling"
"196","Task","Parent 74 - Learning","Rafael Schueng <rafael.schung@avanade.com>","To Do","imfai-ava-fabric-apps-agents",,"0","Platform & Tooling"
"195","Task","Parent 82 - Revision","Rafael Schueng <rafael.schung@avanade.com>","To Do","imfai-ava-fabric-apps-agents",,"0","Build Cycle"
"194","Task","Parent 125 - Approval","Rafael Schueng <rafael.schung@avanade.com>","To Do","imfai-ava-fabric-apps-agents",,"0","Build Cycle"
"193","Task","Parent 125 - Revision","Rafael Schueng <rafael.schung@avanade.com>","To Do","imfai-ava-fabric-apps-agents",,"0","Build Cycle"
"192","Task","Parent 125 - Draft","Rafael Schueng <rafael.schung@avanade.com>","To Do","imfai-ava-fabric-apps-agents",,"0","Build Cycle"
"191","Task","Parent 125 - Planning","Rafael Schueng <rafael.schung@avanade.com>","To Do","imfai-ava-fabric-apps-agents",,"0","Build Cycle"
"190","Task","Parent 125 - Implementation","Rafael Schueng <rafael.schung@avanade.com>","To Do","imfai-ava-fabric-apps-agents",,"0","Build Cycle"
"189","Task","Parent 126 - Reimplementation","Rafael Schueng <rafael.schung@avanade.com>","To Do","imfai-ava-fabric-apps-agents",,"0","Build Cycle"
"187","Task","Parent 127 - Implementation","Thomaz de Torres Bandeira <thomaz.bandeira@avanade.com>","To Do","imfai-ava-fabric-apps-agents",,"0","Migration Design"
"186","Task","Parent 34 - Fix",,"To Do","imfai-ava-fabric-apps-agents",,"0","Platform & Tooling"
"185","Task","Parent 35 - Implementation",,"To Do","imfai-ava-fabric-apps-agents",,"0","Build Cycle"
"184","Task","Parent 36 - Implementation",,"To Do","imfai-ava-fabric-apps-agents",,"0","AS-IS Diagnostic"
"183","Task","Parent 37 - Implementation",,"To Do","imfai-ava-fabric-apps-agents",,"0","Build Cycle"
"182","Task","Parent 38 - Fix",,"To Do","imfai-ava-fabric-apps-agents",,"0","Platform & Tooling"
"181","Task","Parent 39 - Fix",,"To Do","imfai-ava-fabric-apps-agents",,"0","Platform & Tooling"
"180","Task","Parent 40 - Fix",,"To Do","imfai-ava-fabric-apps-agents",,"0","Platform & Tooling"
"179","Task","Parent 41 - Fix",,"To Do","imfai-ava-fabric-apps-agents",,"0","Platform & Tooling"
"178","Task","Parent 42 - Implementation",,"To Do","imfai-ava-fabric-apps-agents",,"0","Platform & Tooling"
"177","Task","Parent 43 - Implementation",,"To Do","imfai-ava-fabric-apps-agents",,"0","Platform & Tooling"
"176","Task","Parent 44 - Fix",,"To Do","imfai-ava-fabric-apps-agents",,"0","Platform & Tooling"
"175","Task","Parent 45 - Fix",,"To Do","imfai-ava-fabric-apps-agents",,"0","Platform & Tooling"
"174","Task","Parent 46 - Fix",,"To Do","imfai-ava-fabric-apps-agents",,"0","AS-IS Diagnostic"
"173","Task","Parent 47 - Fix",,"To Do","imfai-ava-fabric-apps-agents",,"0","Migration Design"
"172","Task","Parent 48 - Fix",,"To Do","imfai-ava-fabric-apps-agents",,"0","AS-IS Diagnostic"
"171","Task","Parent 49 - Fix",,"To Do","imfai-ava-fabric-apps-agents",,"0","AS-IS Diagnostic"
"170","Task","Parent 50 - Revision",,"To Do","imfai-ava-fabric-apps-agents",,"0","Build Cycle"
"169","Task","Parent 51 - Fix",,"To Do","imfai-ava-fabric-apps-agents",,"0","Delivery & Handover"
"168","Task","Parent 52 - Fix",,"To Do","imfai-ava-fabric-apps-agents",,"0","Platform & Tooling"
"167","Task","Parent 54 - Fix",,"To Do","imfai-ava-fabric-apps-agents",,"0","Platform & Tooling"
"166","Task","Parent 55 - Fix",,"To Do","imfai-ava-fabric-apps-agents",,"0","Platform & Tooling"
"165","Task","Parent 56 - Fix",,"To Do","imfai-ava-fabric-apps-agents",,"0","Platform & Tooling"
"164","Task","Parent 57 - Revision",,"To Do","imfai-ava-fabric-apps-agents",,"0","Platform & Tooling"
"163","Task","Parent 58 - Revision",,"To Do","imfai-ava-fabric-apps-agents",,"0","Platform & Tooling"
"162","Task","Parent 59 - Implementation",,"To Do","imfai-ava-fabric-apps-agents",,"0","Platform & Tooling"
"161","Task","Parent 60 - Implementation",,"To Do","imfai-ava-fabric-apps-agents",,"0","Platform & Tooling"
"160","Task","Parent 61 - Fix",,"To Do","imfai-ava-fabric-apps-agents",,"0","Platform & Tooling"
"159","Task","Parent 62 - Implementation",,"To Do","imfai-ava-fabric-apps-agents",,"0","Platform & Tooling"
"158","Task","Parent 63 - Implementation",,"To Do","imfai-ava-fabric-apps-agents",,"0","Platform & Tooling"
"157","Task","Parent 64 - Implementation",,"To Do","imfai-ava-fabric-apps-agents",,"0","Build Cycle"
"156","Task","Parent 65 - Implementation",,"To Do","imfai-ava-fabric-apps-agents",,"0","AS-IS Diagnostic"
"155","Task","Parent 66 - Implementation",,"To Do","imfai-ava-fabric-apps-agents",,"0","Build Cycle"
"154","Task","Parent 67 - Fix",,"To Do","imfai-ava-fabric-apps-agents",,"0","Platform & Tooling"
"153","Task","Parent 68 - Fix",,"Removed","imfai-ava-fabric-apps-agents",,"0","Platform & Tooling"
"152","Task","Parent 68 - Fix",,"To Do","imfai-ava-fabric-apps-agents",,"0","Platform & Tooling"
"151","Task","Parent 69 - Fix",,"To Do","imfai-ava-fabric-apps-agents",,"0","Platform & Tooling"
"150","Task","Parent 70 - Fix",,"To Do","imfai-ava-fabric-apps-agents",,"0","Platform & Tooling"
"149","Task","Parent 70 - Route cause",,"To Do","imfai-ava-fabric-apps-agents",,"0","Platform & Tooling"
"148","Task","Parent 71 - Route cause",,"To Do","imfai-ava-fabric-apps-agents",,"0","Platform & Tooling"
"147","Task","Parent 72 - Fix",,"To Do","imfai-ava-fabric-apps-agents",,"0","AS-IS Diagnostic"
"146","Task","Parent 73 - Route cause",,"To Do","imfai-ava-fabric-apps-agents",,"0","Platform & Tooling"
"144","Task","Parent 79 - Implementation","Thomaz de Torres Bandeira <thomaz.bandeira@avanade.com>","To Do","imfai-ava-fabric-apps-agents",,"0","Migration Design"
"143","Task","Parent 79 - Architectural drawing","Thomaz de Torres Bandeira <thomaz.bandeira@avanade.com>","To Do","imfai-ava-fabric-apps-agents",,"0","Migration Design"
"142","Task","Parent 79 - Raising differences","Thomaz de Torres Bandeira <thomaz.bandeira@avanade.com>","To Do","imfai-ava-fabric-apps-agents",,"0","Migration Design"
"141","Task","Parent 129 - Implementation","Thomaz de Torres Bandeira <thomaz.bandeira@avanade.com>","To Do","imfai-ava-fabric-apps-agents",,"0","Platform & Tooling"
"140","Task","Parent 129 - Identification requirements","Thomaz de Torres Bandeira <thomaz.bandeira@avanade.com>","To Do","imfai-ava-fabric-apps-agents",,"0","Platform & Tooling"
"139","Task","Parent 129 - Architectural drawing","Thomaz de Torres Bandeira <thomaz.bandeira@avanade.com>","To Do","imfai-ava-fabric-apps-agents",,"0","Platform & Tooling"
"138","Task","Parent 76 - Fix","Thomaz de Torres Bandeira <thomaz.bandeira@avanade.com>","To Do","imfai-ava-fabric-apps-agents",,"0","Delivery & Handover"
"137","Task","Parent 76 - Impact","Thomaz de Torres Bandeira <thomaz.bandeira@avanade.com>","In Progress","imfai-ava-fabric-apps-agents",,"0","Delivery & Handover"
"136","Task","Parent 76 - Route cause identification","Thomaz de Torres Bandeira <thomaz.bandeira@avanade.com>","In Progress","imfai-ava-fabric-apps-agents",,"0","Delivery & Handover"
"135","Task","Parent 77 - Fix","Thomaz de Torres Bandeira <thomaz.bandeira@avanade.com>","To Do","imfai-ava-fabric-apps-agents",,"0","Delivery & Handover"
"134","Task","Parent 77 - Impact Identification","Thomaz de Torres Bandeira <thomaz.bandeira@avanade.com>","To Do","imfai-ava-fabric-apps-agents",,"0","Delivery & Handover"
"133","Task","Parent 77 - Route cause identification","Thomaz de Torres Bandeira <thomaz.bandeira@avanade.com>","In Progress","imfai-ava-fabric-apps-agents",,"0","Delivery & Handover"
"129","Product Backlog Item","Criação de agente gerador de prompt modo live code saída tipo BMAD e Spec Kit - V1","Thomaz de Torres Bandeira <thomaz.bandeira@avanade.com>","New","imfai-ava-fabric-apps-agents",,"0","Platform & Tooling"
"127","Product Backlog Item","Adicionar gerações em Drawio","Thomaz de Torres Bandeira <thomaz.bandeira@avanade.com>","New","imfai-ava-fabric-apps-agents",,"1","Migration Design"
"126","Product Backlog Item","Padronizar criação de soluções e projetos .NET via CLI em vez de geração completa de código pelo agente","Rafael Schueng <rafael.schung@avanade.com>","New","imfai-ava-fabric-apps-agents",,"0","Build Cycle"
"125","Product Backlog Item","Adotar ferramenta de migração e população de dados para versionamento do banco de dados","Rafael Schueng <rafael.schung@avanade.com>","New","imfai-ava-fabric-apps-agents",,"0","Build Cycle"
"124","Product Backlog Item","Revisao do agente ava-summary",,"New","imfai-ava-fabric-apps-agents","ava-fabric; f8; review","0","Delivery & Handover"
"123","Product Backlog Item","Revisao do agente ava-deliverable-client-demo",,"New","imfai-ava-fabric-apps-agents","ava-fabric; f7; review","0","Delivery & Handover"
"122","Product Backlog Item","Revisao do agente ava-deliverable-code-templates",,"New","imfai-ava-fabric-apps-agents","ava-fabric; f7; review","0","Delivery & Handover"
"121","Product Backlog Item","Revisao do agente ava-deliverable-test-evidence",,"New","imfai-ava-fabric-apps-agents","ava-fabric; f7; review","0","Delivery & Handover"
"120","Product Backlog Item","Revisao do agente ava-deliverable-security-compliance",,"New","imfai-ava-fabric-apps-agents","ava-fabric; f7; review","0","Delivery & Handover"
"119","Product Backlog Item","Revisao do agente ava-deliverable-migration-plan",,"New","imfai-ava-fabric-apps-agents","ava-fabric; f7; review","0","Delivery & Handover"
"118","Product Backlog Item","Revisao do agente ava-deliverable-tech-docs",,"New","imfai-ava-fabric-apps-agents","ava-fabric; f7; review","0","Delivery & Handover"
"117","Product Backlog Item","Revisao do agente ava-deliverable-packager",,"New","imfai-ava-fabric-apps-agents","ava-fabric; f7; review","0","Delivery & Handover"
"116","Product Backlog Item","Revisao do agente ava-devops-package-approval",,"New","imfai-ava-fabric-apps-agents","ava-fabric; f6; review","0","Build Cycle"
"115","Product Backlog Item","Revisao do agente ava-devops-compare-version",,"New","imfai-ava-fabric-apps-agents","ava-fabric; f6; review","0","Build Cycle"
"114","Product Backlog Item","Revisao do agente ava-devops-cd",,"New","imfai-ava-fabric-apps-agents","ava-fabric; f6; review","0","Build Cycle"
"113","Product Backlog Item","Revisao do agente ava-devops-ci",,"New","imfai-ava-fabric-apps-agents","ava-fabric; f6; review","0","Build Cycle"
"112","Product Backlog Item","Revisao do agente ava-devops-iac",,"New","imfai-ava-fabric-apps-agents","ava-fabric; f6; review","0","Build Cycle"
"111","Product Backlog Item","Revisao do agente ava-prototype",,"New","imfai-ava-fabric-apps-agents","ava-fabric; f5; review","0","Build Cycle"
"110","Product Backlog Item","Revisao do agente ava-qa-defect-identifier",,"New","imfai-ava-fabric-apps-agents","ava-fabric; f4; review","0","Build Cycle"
"109","Product Backlog Item","Revisao do agente ava-qa-evidence-capture",,"New","imfai-ava-fabric-apps-agents","ava-fabric; f4; review","0","Build Cycle"
"108","Product Backlog Item","Revisao do agente ava-qa-exploratory",,"New","imfai-ava-fabric-apps-agents","ava-fabric; f4; review","0","Build Cycle"
"107","Product Backlog Item","Revisao do agente ava-qa-script-generator",,"New","imfai-ava-fabric-apps-agents","ava-fabric; f4; review","0","Build Cycle"
"106","Product Backlog Item","Revisao do agente ava-qa-test-case-generator",,"New","imfai-ava-fabric-apps-agents","ava-fabric; f4; review","0","Build Cycle"
"105","Product Backlog Item","Revisao do agente ava-qa-scenario-generator",,"New","imfai-ava-fabric-apps-agents","ava-fabric; f4; review","0","Build Cycle"
"104","Product Backlog Item","Revisao do agente ava-qa-behavior-mapping",,"New","imfai-ava-fabric-apps-agents","ava-fabric; f4; review","0","Build Cycle"
"103","Product Backlog Item","Revisao do agente ava-qa-gaps-requirements",,"New","imfai-ava-fabric-apps-agents","ava-fabric; f4; review","0","Build Cycle"
"102","Product Backlog Item","Revisao do agente ava-qa-orchestrator",,"New","imfai-ava-fabric-apps-agents","ava-fabric; f4; review","0","Build Cycle"
"101","Product Backlog Item","Revisao do agente ava-stack-angular-frontend",,"New","imfai-ava-fabric-apps-agents","ava-fabric; f3; review","0","Build Cycle"
"100","Product Backlog Item","Revisao do agente ava-stack-dotnet-backend",,"New","imfai-ava-fabric-apps-agents","ava-fabric; f3; review","0","Build Cycle"
"99","Product Backlog Item","Revisao do agente ava-stack-orchestrator",,"New","imfai-ava-fabric-apps-agents","ava-fabric; f3; review","0","Build Cycle"
"98","Product Backlog Item","Revisao do agente ava-test-plan-tobe",,"New","imfai-ava-fabric-apps-agents","ava-fabric; f2; review","0","Migration Design"
"97","Product Backlog Item","Revisao do agente ava-docs-tobe",,"New","imfai-ava-fabric-apps-agents","ava-fabric; f2; review","0","Migration Design"
"96","Product Backlog Item","Revisao do agente ava-coder-dotnet",,"New","imfai-ava-fabric-apps-agents","ava-fabric; f2; review","0","Migration Design"
"95","Product Backlog Item","Revisao do agente ava-tobe-migration-plan",,"New","imfai-ava-fabric-apps-agents","ava-fabric; f2; review","0","Migration Design"
"94","Product Backlog Item","Revisao do agente ava-tobe-measure-size",,"New","imfai-ava-fabric-apps-agents","ava-fabric; f2; review","0","Migration Design"
"93","Product Backlog Item","Revisao do agente ava-tobe-architecture-technical",,"New","imfai-ava-fabric-apps-agents","ava-fabric; f2; review","0","Migration Design"
"92","Product Backlog Item","Revisao do agente ava-tobe-architecture-design",,"New","imfai-ava-fabric-apps-agents","ava-fabric; f2; review","0","Migration Design"
"91","Product Backlog Item","Revisao do agente ava-tobe-orchestrator",,"New","imfai-ava-fabric-apps-agents","ava-fabric; f2; review","0","Migration Design"
"90","Product Backlog Item","Revisao do agente ava-asis-gaps-risks",,"New","imfai-ava-fabric-apps-agents","ava-fabric; f1; review","0","AS-IS Diagnostic"
"89","Product Backlog Item","Revisao do agente ava-asis-test-qa",,"New","imfai-ava-fabric-apps-agents","ava-fabric; f1; review","0","AS-IS Diagnostic"
"88","Product Backlog Item","Revisao do agente ava-asis-inventory",,"New","imfai-ava-fabric-apps-agents","ava-fabric; f1; review","0","AS-IS Diagnostic"
"87","Product Backlog Item","Revisao do agente ava-asis-documentation",,"New","imfai-ava-fabric-apps-agents","ava-fabric; f1; review","0","AS-IS Diagnostic"
"86","Product Backlog Item","Revisao do agente ava-asis-security-review",,"New","imfai-ava-fabric-apps-agents","ava-fabric; f1; review","0","AS-IS Diagnostic"
"85","Product Backlog Item","Revisao do agente ava-asis-db-analyzer",,"New","imfai-ava-fabric-apps-agents","ava-fabric; f1; review","0","AS-IS Diagnostic"
"84","Product Backlog Item","Revisao do agente ava-asis-solution-delphi",,"New","imfai-ava-fabric-apps-agents","ava-fabric; f1; review","0","AS-IS Diagnostic"
"83","Product Backlog Item","Revisao do agente ava-asis-orchestrator",,"New","imfai-ava-fabric-apps-agents","ava-fabric; f1; review","0","AS-IS Diagnostic"
"82","Product Backlog Item","Validar códigos migrados e ajustar bugs - não estão com acuracidade boa","Rafael Schueng <rafael.schung@avanade.com>","New","imfai-ava-fabric-apps-agents","Build Cycle; TO-BE","0","Build Cycle"
"81","Product Backlog Item","Documentação e desenho","Alan Aristides Rotta <alan.aristides.rotta@avanade.com>","New","imfai-ava-fabric-apps-agents",,"0","Migration Design"
"79","Product Backlog Item","Fazer draft dos agentes de Security","Thomaz de Torres Bandeira <thomaz.bandeira@avanade.com>","New","imfai-ava-fabric-apps-agents","Migration Design","0","Migration Design"
"78","Product Backlog Item","Opção de regerar somente o summary apartir do template e FULL PIPELINE (As-Is)","Thomaz de Torres Bandeira <thomaz.bandeira@avanade.com>","Approved","imfai-ava-fabric-apps-agents",,"0","Delivery & Handover"
"77","Product Backlog Item","Alguns diagramas não são carregados sempre no summary, identificar a causa raiz","Thomaz de Torres Bandeira <thomaz.bandeira@avanade.com>","Approved","imfai-ava-fabric-apps-agents",,"0","Delivery & Handover"
"76","Product Backlog Item","Identificar a causa raiz do summary nem sempre está usando o template","Thomaz de Torres Bandeira <thomaz.bandeira@avanade.com>","Approved","imfai-ava-fabric-apps-agents",,"1","Delivery & Handover"
"75","Product Backlog Item","Ajustes no i18N","Thomaz de Torres Bandeira <thomaz.bandeira@avanade.com>","Committed","imfai-ava-fabric-apps-agents",,"0","Platform & Tooling"
"74","Product Backlog Item","Entendimento da Solução (Onboarding)","Rafael Schueng <rafael.schung@avanade.com>","New","imfai-ava-fabric-apps-agents",,"0","Platform & Tooling"
"73","Product Backlog Item","Separar inventário de agentes oficiais e skills auxiliares",,"New","imfai-ava-fabric-apps-agents",,"0","Platform & Tooling"
"72","Product Backlog Item","Normalizar naming do agente VB",,"New","imfai-ava-fabric-apps-agents",,"0","AS-IS Diagnostic"
"71","Product Backlog Item","Corrigir inconsistências da transcrição arquitetural",,"New","imfai-ava-fabric-apps-agents",,"0","Platform & Tooling"
"70","Product Backlog Item","Reconciliar contagem oficial de agentes",,"New","imfai-ava-fabric-apps-agents",,"0","Platform & Tooling"
"69","Product Backlog Item","Declarar workflows por módulo",,"New","imfai-ava-fabric-apps-agents",,"0","Platform & Tooling"
"68","Product Backlog Item","Padronizar seção outputs em manifests",,"New","imfai-ava-fabric-apps-agents",,"0","Platform & Tooling"
"67","Product Backlog Item","Corrigir rótulo de fases F6/F7 no manifesto raiz",,"New","imfai-ava-fabric-apps-agents",,"0","Platform & Tooling"
"66","Product Backlog Item","Criar manifesto do módulo Prototype F4",,"New","imfai-ava-fabric-apps-agents",,"0","Build Cycle"
"65","Product Backlog Item","Declarar agente VB no manifesto F1",,"New","imfai-ava-fabric-apps-agents",,"0","AS-IS Diagnostic"
"64","Product Backlog Item","Incluir QA Orchestrator no manifesto F5",,"New","imfai-ava-fabric-apps-agents",,"0","Build Cycle"
"63","Product Backlog Item","Criar rotina de reconciliacao memoria versus codigo",,"New","imfai-ava-fabric-apps-agents",,"0","Platform & Tooling"
"62","Product Backlog Item","Definir matriz de gates por fase",,"New","imfai-ava-fabric-apps-agents",,"0","Platform & Tooling"
"61","Product Backlog Item","Padronizar convencao de IDs e aliases",,"New","imfai-ava-fabric-apps-agents",,"0","Platform & Tooling"
"60","Product Backlog Item","Criar validacao automatica de skill pointers",,"New","imfai-ava-fabric-apps-agents",,"0","Platform & Tooling"
"59","Product Backlog Item","Criar validacao automatica manifest versus arquivos",,"New","imfai-ava-fabric-apps-agents",,"0","Platform & Tooling"
"58","Product Backlog Item","Validar ancora de secao citada nos skills gh-arch",,"New","imfai-ava-fabric-apps-agents",,"0","Platform & Tooling"
"57","Product Backlog Item","Validar links de SKILL para arquivos reais",,"New","imfai-ava-fabric-apps-agents",,"0","Platform & Tooling"
"56","Product Backlog Item","Separar inventario de agentes oficiais e skills auxiliares",,"New","imfai-ava-fabric-apps-agents",,"0","Platform & Tooling"
"55","Product Backlog Item","Atualizar guia com QA orchestrator e agente VB",,"New","imfai-ava-fabric-apps-agents",,"0","Platform & Tooling"
"54","Product Backlog Item","Atualizar metadata do catalogo",,"New","imfai-ava-fabric-apps-agents",,"0","Platform & Tooling"
"53","Product Backlog Item","Revisar consistencia de idioma PT e EN","Rafael Dos Santos De Almeida <r.b.almeida@avanade.com>","Approved","imfai-ava-fabric-apps-agents",,"0","Platform & Tooling"
"52","Product Backlog Item","Consolidar naming de arquivos de diagrama",,"New","imfai-ava-fabric-apps-agents",,"0","Platform & Tooling"
"51","Product Backlog Item","Padronizar output contract dos agentes Deliverables",,"New","imfai-ava-fabric-apps-agents",,"0","Delivery & Handover"
"50","Product Backlog Item","Revisar allowed-tools do QA orchestrator",,"New","imfai-ava-fabric-apps-agents",,"0","Build Cycle"
"49","Product Backlog Item","Unificar nomes de sub-skills DB Analyzer",,"New","imfai-ava-fabric-apps-agents",,"0","AS-IS Diagnostic"
"48","Product Backlog Item","Normalizar naming do agente VB",,"New","imfai-ava-fabric-apps-agents",,"0","AS-IS Diagnostic"
"47","Product Backlog Item","Corrigir typo no architecture-technical-tobe",,"New","imfai-ava-fabric-apps-agents",,"0","Migration Design"
"46","Product Backlog Item","Corrigir YAML invalido no gaps-risks-asis",,"New","imfai-ava-fabric-apps-agents",,"0","AS-IS Diagnostic"
"45","Product Backlog Item","Corrigir referencia de secao no skill ADR",,"New","imfai-ava-fabric-apps-agents",,"0","Platform & Tooling"
"44","Product Backlog Item","Reconciliar contagem oficial de agentes",,"New","imfai-ava-fabric-apps-agents",,"0","Platform & Tooling"
"43","Product Backlog Item","Declarar workflows para modulos F1-F7",,"New","imfai-ava-fabric-apps-agents",,"0","Platform & Tooling"
"42","Product Backlog Item","Declarar outputs em manifests sem contrato",,"New","imfai-ava-fabric-apps-agents",,"0","Platform & Tooling"
"41","Product Backlog Item","Padronizar nome do master report",,"New","imfai-ava-fabric-apps-agents",,"0","Platform & Tooling"
"40","Product Backlog Item","Padronizar root path project versus projects",,"New","imfai-ava-fabric-apps-agents",,"0","Platform & Tooling"
"39","Product Backlog Item","Corrigir ordenacao F4/F5 no catalogo",,"New","imfai-ava-fabric-apps-agents",,"0","Platform & Tooling"
"38","Product Backlog Item","Corrigir conflito de IDs no Tech Stack",,"New","imfai-ava-fabric-apps-agents",,"0","Platform & Tooling"
"37","Product Backlog Item","Criar manifesto do modulo Prototype F4",,"New","imfai-ava-fabric-apps-agents",,"0","Build Cycle"
"36","Product Backlog Item","Declarar agente VB no modulo F1",,"New","imfai-ava-fabric-apps-agents",,"0","AS-IS Diagnostic"
"35","Product Backlog Item","Incluir QA Orchestrator no modulo F5",,"New","imfai-ava-fabric-apps-agents","Migration Design; TO-BE","0","Build Cycle"
"34","Product Backlog Item","Corrigir inversao de fases F6/F7 no manifesto raiz",,"New","imfai-ava-fabric-apps-agents",,"0","Platform & Tooling"
"33","Feature","Revisão e Criação de Agentes",,"In Progress","imfai-ava-fabric-apps-agents",,"0","Platform & Tooling"
